<?xml version="1.0" encoding="UTF-8"?>
<GenRun Id="Dual_Port_BRAM_synth_1" LaunchPart="xc7z020clg484-1" LaunchTime="1535103761">
  <File Type="PA-TCL" Name="Dual_Port_BRAM.tcl"/>
  <File Type="RDS-PROPCONSTRS" Name="Dual_Port_BRAM_drc_synth.rpt"/>
  <File Type="REPORTS-TCL" Name="Dual_Port_BRAM_reports.tcl"/>
  <File Type="RDS-RDS" Name="Dual_Port_BRAM.vds"/>
  <File Type="RDS-UTIL" Name="Dual_Port_BRAM_utilization_synth.rpt"/>
  <File Type="RDS-UTIL-PB" Name="Dual_Port_BRAM_utilization_synth.pb"/>
  <File Type="RDS-DCP" Name="Dual_Port_BRAM.dcp"/>
  <File Type="VDS-TIMINGSUMMARY" Name="Dual_Port_BRAM_timing_summary_synth.rpt"/>
  <File Type="VDS-TIMING-PB" Name="Dual_Port_BRAM_timing_summary_synth.pb"/>
  <FileSet Name="sources" Type="BlockSrcs" RelSrcDir="$PSRCDIR/Dual_Port_BRAM">
    <File Path="$PSRCDIR/sources_1/ip/Dual_Port_BRAM/Dual_Port_BRAM.xci">
      <FileInfo>
        <Attr Name="ImportPath" Val="$PPRDIR/../../../../../../../../../../Xilinx/Projects/Camera_Emulator/Camera_Emulation_Project_v2/Camera_Emulation_Project_v2.srcs/sources_1/ip/Dual_Port_BRAM/Dual_Port_BRAM.xci"/>
        <Attr Name="ImportTime" Val="1420403259"/>
        <Attr Name="UsedIn" Val="synthesis"/>
        <Attr Name="UsedIn" Val="implementation"/>
        <Attr Name="UsedIn" Val="simulation"/>
      </FileInfo>
    </File>
    <Config>
      <Option Name="TopModule" Val="Dual_Port_BRAM"/>
      <Option Name="UseBlackboxStub" Val="1"/>
    </Config>
  </FileSet>
  <FileSet Name="constrs_in" Type="BlockSrcs" RelSrcDir="$PSRCDIR/Dual_Port_BRAM">
    <File Path="$PSRCDIR/sources_1/ip/Dual_Port_BRAM/Dual_Port_BRAM.xci">
      <FileInfo>
        <Attr Name="ImportPath" Val="$PPRDIR/../../../../../../../../../../Xilinx/Projects/Camera_Emulator/Camera_Emulation_Project_v2/Camera_Emulation_Project_v2.srcs/sources_1/ip/Dual_Port_BRAM/Dual_Port_BRAM.xci"/>
        <Attr Name="ImportTime" Val="1420403259"/>
        <Attr Name="UsedIn" Val="synthesis"/>
        <Attr Name="UsedIn" Val="implementation"/>
        <Attr Name="UsedIn" Val="simulation"/>
      </FileInfo>
    </File>
    <Config>
      <Option Name="TopModule" Val="Dual_Port_BRAM"/>
      <Option Name="UseBlackboxStub" Val="1"/>
    </Config>
  </FileSet>
  <Strategy Version="1" Minor="2">
    <StratHandle Name="Vivado Synthesis Defaults" Flow="Vivado Synthesis 2018">
      <Desc>Vivado Synthesis Defaults</Desc>
    </StratHandle>
    <Step Id="synth_design"/>
  </Strategy>
</GenRun>
