<?xml version="1.0" encoding="UTF-8"?>
<GenRun Id="synth_1" LaunchPart="xc7z020clg484-1" LaunchTime="1535103761">
  <File Type="PA-TCL" Name="Camera_Emulator.tcl"/>
  <File Type="RDS-PROPCONSTRS" Name="Camera_Emulator_drc_synth.rpt"/>
  <File Type="REPORTS-TCL" Name="Camera_Emulator_reports.tcl"/>
  <File Type="RDS-RDS" Name="Camera_Emulator.vds"/>
  <File Type="RDS-UTIL" Name="Camera_Emulator_utilization_synth.rpt"/>
  <File Type="RDS-UTIL-PB" Name="Camera_Emulator_utilization_synth.pb"/>
  <File Type="RDS-DCP" Name="Camera_Emulator.dcp"/>
  <File Type="VDS-TIMINGSUMMARY" Name="Camera_Emulator_timing_summary_synth.rpt"/>
  <File Type="VDS-TIMING-PB" Name="Camera_Emulator_timing_summary_synth.pb"/>
  <FileSet Name="sources" Type="DesignSrcs" RelSrcDir="$PSRCDIR/sources_1">
    <Filter Type="Srcs"/>
    <File Path="$PSRCDIR/sources_1/imports/src/Camera_Clock_Generator.vhd">
      <FileInfo>
        <Attr Name="ImportPath" Val="$PPRDIR/../../../../../../../../../../Xilinx/Projects/Camera_Emulator/Camera_Emulation_Project_V2_/Camera_Emulation_Project_V2.srcs/sources_1/imports/src/Camera_Clock_Generator.vhd"/>
        <Attr Name="ImportTime" Val="1420317228"/>
        <Attr Name="UsedIn" Val="synthesis"/>
        <Attr Name="UsedIn" Val="simulation"/>
      </FileInfo>
    </File>
    <File Path="$PSRCDIR/sources_1/imports/src/HDMI.vhd">
      <FileInfo>
        <Attr Name="ImportPath" Val="$PPRDIR/../../../../../../../../../../Xilinx/Projects/Camera_Emulator/Camera_Emulation_Project_V2_/Camera_Emulation_Project_V2.srcs/sources_1/imports/src/HDMI.vhd"/>
        <Attr Name="ImportTime" Val="1420317188"/>
        <Attr Name="UsedIn" Val="synthesis"/>
        <Attr Name="UsedIn" Val="simulation"/>
      </FileInfo>
    </File>
    <File Path="$PSRCDIR/sources_1/imports/src/Img_Generator.vhd">
      <FileInfo>
        <Attr Name="ImportPath" Val="$PPRDIR/../../../../../../../../../../Xilinx/Projects/Camera_Emulator/Camera_Emulation_Project_V2_/Camera_Emulation_Project_V2.srcs/sources_1/imports/src/Img_Generator.vhd"/>
        <Attr Name="ImportTime" Val="1420317255"/>
        <Attr Name="UsedIn" Val="synthesis"/>
        <Attr Name="UsedIn" Val="simulation"/>
      </FileInfo>
    </File>
    <File Path="$PSRCDIR/sources_1/imports/src/Pixel_Generator.vhd">
      <FileInfo>
        <Attr Name="ImportPath" Val="$PPRDIR/../../../../../../../../../../Xilinx/Projects/Camera_Emulator/Camera_Emulation_Project_V2_/Camera_Emulation_Project_V2.srcs/sources_1/imports/src/Pixel_Generator.vhd"/>
        <Attr Name="ImportTime" Val="1420317212"/>
        <Attr Name="UsedIn" Val="synthesis"/>
        <Attr Name="UsedIn" Val="simulation"/>
      </FileInfo>
    </File>
    <File Path="$PSRCDIR/sources_1/imports/sources_1/new/capture_logic.vhd">
      <FileInfo>
        <Attr Name="ImportPath" Val="$PPRDIR/../../../../../../../../../../Xilinx/Projects/Camera_Emulator/Camera_Emulation_Project_V2_/Camera_Emulation_Project_V2.srcs/sources_1/new/capture_logic.vhd"/>
        <Attr Name="ImportTime" Val="1420316928"/>
        <Attr Name="UsedIn" Val="synthesis"/>
        <Attr Name="UsedIn" Val="simulation"/>
      </FileInfo>
    </File>
    <File Path="$PSRCDIR/sources_1/imports/sources_1/imports/src/frame_buffer.vhd">
      <FileInfo>
        <Attr Name="ImportPath" Val="$PPRDIR/../../../../../../../../../../Xilinx/Projects/Camera_Emulator/Camera_Emulation_Project_V2_/Camera_Emulation_Project_V2.srcs/sources_1/imports/src/frame_buffer.vhd"/>
        <Attr Name="ImportTime" Val="1420317077"/>
        <Attr Name="UsedIn" Val="synthesis"/>
        <Attr Name="UsedIn" Val="simulation"/>
      </FileInfo>
    </File>
    <File Path="$PSRCDIR/sources_1/imports/src/i2c_sender.vhd">
      <FileInfo>
        <Attr Name="ImportPath" Val="$PPRDIR/../../../../../../../../../../Xilinx/Projects/Camera_Emulator/Camera_Emulation_Project_V2_/Camera_Emulation_Project_V2.srcs/sources_1/imports/src/i2c_sender.vhd"/>
        <Attr Name="ImportTime" Val="1420142784"/>
        <Attr Name="UsedIn" Val="synthesis"/>
        <Attr Name="UsedIn" Val="simulation"/>
      </FileInfo>
    </File>
    <File Path="$PSRCDIR/sources_1/imports/sources_1/imports/src/i2c_sender_cam.vhd">
      <FileInfo>
        <Attr Name="ImportPath" Val="$PPRDIR/../../../../../../../../../../Xilinx/Projects/Camera_Emulator/Camera_Emulation_Project_V2_/Camera_Emulation_Project_V2.srcs/sources_1/imports/src/i2c_sender_cam.vhd"/>
        <Attr Name="ImportTime" Val="1420025796"/>
        <Attr Name="UsedIn" Val="synthesis"/>
        <Attr Name="UsedIn" Val="simulation"/>
      </FileInfo>
    </File>
    <File Path="$PSRCDIR/sources_1/imports/sources_1/imports/src/ov7670_controller.vhd">
      <FileInfo>
        <Attr Name="ImportPath" Val="$PPRDIR/../../../../../../../../../../Xilinx/Projects/Camera_Emulator/Camera_Emulation_Project_V2_/Camera_Emulation_Project_V2.srcs/sources_1/imports/src/ov7670_controller.vhd"/>
        <Attr Name="ImportTime" Val="1420026890"/>
        <Attr Name="UsedIn" Val="synthesis"/>
        <Attr Name="UsedIn" Val="simulation"/>
      </FileInfo>
    </File>
    <File Path="$PSRCDIR/sources_1/imports/sources_1/imports/src/ov7670_registers.vhd">
      <FileInfo>
        <Attr Name="ImportPath" Val="$PPRDIR/../../../../../../../../../../Xilinx/Projects/Camera_Emulator/Camera_Emulation_Project_V2_/Camera_Emulation_Project_V2.srcs/sources_1/imports/src/ov7670_registers.vhd"/>
        <Attr Name="ImportTime" Val="1420151409"/>
        <Attr Name="UsedIn" Val="synthesis"/>
        <Attr Name="UsedIn" Val="simulation"/>
      </FileInfo>
    </File>
    <File Path="$PSRCDIR/sources_1/imports/src/vga_controller.vhd">
      <FileInfo>
        <Attr Name="ImportPath" Val="$PPRDIR/../../../../../../../../../../Xilinx/Projects/Camera_Emulator/Camera_Emulation_Project_V2_/Camera_Emulation_Project_V2.srcs/sources_1/imports/src/vga_controller.vhd"/>
        <Attr Name="ImportTime" Val="1420316145"/>
        <Attr Name="UsedIn" Val="synthesis"/>
        <Attr Name="UsedIn" Val="simulation"/>
      </FileInfo>
    </File>
    <File Path="$PSRCDIR/sources_1/imports/src/Camera_Emulator.vhd">
      <FileInfo>
        <Attr Name="ImportPath" Val="$PPRDIR/../../../../../../../../../../Xilinx/Projects/Camera_Emulator/Camera_Emulation_Project_V2_/Camera_Emulation_Project_V2.srcs/sources_1/imports/src/Camera_Emulator.vhd"/>
        <Attr Name="ImportTime" Val="1420317285"/>
        <Attr Name="UsedIn" Val="synthesis"/>
        <Attr Name="UsedIn" Val="simulation"/>
      </FileInfo>
    </File>
    <File Path="$PSRCDIR/sources_1/ip/vga_pll_zedboard/vga_pll_zedboard.xci">
      <FileInfo>
        <Attr Name="UserDisabled" Val="1"/>
        <Attr Name="ImportPath" Val="$PPRDIR/../../../../../../../../../../Xilinx/Projects/Camera_Emulator/Camera_Emulation_Project_v2/Camera_Emulation_Project_v2.srcs/sources_1/ip/vga_pll_zedboard/vga_pll_zedboard.xci"/>
        <Attr Name="ImportTime" Val="1420229041"/>
        <Attr Name="UsedIn" Val="synthesis"/>
        <Attr Name="UsedIn" Val="implementation"/>
        <Attr Name="UsedIn" Val="simulation"/>
      </FileInfo>
    </File>
    <File Path="$PSRCDIR/sources_1/imports/Camera_Emulation_Project_v2/archive_project_summary.txt">
      <FileInfo>
        <Attr Name="ImportPath" Val="$PPRDIR/../Camera_Emulation_Project_v2/archive_project_summary.txt"/>
        <Attr Name="ImportTime" Val="1420404716"/>
      </FileInfo>
    </File>
    <Config>
      <Option Name="DesignMode" Val="RTL"/>
      <Option Name="TopModule" Val="Camera_Emulator"/>
      <Option Name="TopAutoSet" Val="TRUE"/>
    </Config>
  </FileSet>
  <FileSet Name="constrs_in" Type="Constrs" RelSrcDir="$PSRCDIR/constrs_1">
    <Filter Type="Constrs"/>
    <File Path="$PSRCDIR/constrs_1/imports/Camera_Emulator/video_project_constraints.xdc">
      <FileInfo>
        <Attr Name="ImportPath" Val="$PPRDIR/../../../../../../../../../../Xilinx/Projects/Camera_Emulator/Camera_Emulation_Project_V2_/Camera_Emulation_Project_V2.srcs/constrs_1/imports/Camera_Emulator/video_project_constraints.xdc"/>
        <Attr Name="ImportTime" Val="1420318816"/>
        <Attr Name="UsedIn" Val="synthesis"/>
        <Attr Name="UsedIn" Val="implementation"/>
      </FileInfo>
    </File>
    <Config>
      <Option Name="ConstrsType" Val="XDC"/>
    </Config>
  </FileSet>
  <Strategy Version="1" Minor="2">
    <StratHandle Name="Vivado Synthesis Defaults" Flow="Vivado Synthesis 2014"/>
    <Step Id="synth_design"/>
  </Strategy>
  <BlockFileSet Type="BlockSrcs" Name="Dual_Port_BRAM_1"/>
  <BlockFileSet Type="BlockSrcs" Name="Dual_Port_BRAM"/>
</GenRun>
